{"a": 6563.090396845707, "b": 8155.396142819912, "c": 7129.431343520041, "NaN": 6838.9833877858755}