{"a": 6566.072008696106, "b": 8108.79283285378, "c": 7122.684670243391, "0.0": 6837.459384267404}