{"a": 6837.908572333282, "b": 9922.80251572327, "c": 6815.865378049243, "d": 6666.839322506855, "0.0": 6837.459384267404}