{"a": 6840.915870221328, "b": 9933.960305343511, "c": 6822.692431653585, "d": 6661.654184753946, "NaN": 6838.9833877858755}